{"ROUGE1": 0.4425931080994125, "ROUGE2": 0.10160663478728887, "ROUGEL": 0.40545993723056156, "BERTScore": 0.8398589647152055, "FKGL": 14.361971830985917, "DCRS": 10.352957746478873, "CLI": 16.54338028169014, "LENS": 63.42497698785683, "AlignScore": 0.757516194817046, "SummaC": 0.5766379052484539, "_timestamp": 1713226325.1572192, "_runtime": 6.316202163696289, "_step": 0, "_wandb": {"runtime": 5}}