{"ROUGE1": 0.41040962112786117, "ROUGE2": 0.12690993512536655, "ROUGEL": 0.3795789358632222, "BERTScore": 0.8513651914165915, "FKGL": 13.230017701196566, "DCRS": 10.383284205225321, "CLI": 14.971818307922415, "LENS": 65.57123963792336, "AlignScore": 0.8087765074718367, "SummaC": 0.6728571721084464, "_timestamp": 1713741106.4576771, "_runtime": 5.7120561599731445, "_step": 0, "_wandb": {"runtime": 5}}