{"ROUGE1": 0.4212954427188537, "ROUGE2": 0.12902734487864576, "ROUGEL": 0.38929037756476836, "BERTScore": 0.8513518072349924, "FKGL": 14.127112676056338, "DCRS": 10.823345070422537, "CLI": 15.959894366197185, "LENS": 61.7060737169428, "AlignScore": 0.8197733260901041, "SummaC": 0.7313733981318877, "_timestamp": 1713287668.0825424, "_runtime": 28.77324342727661, "_step": 0, "_wandb": {"runtime": 26}}