{"ROUGE1": 0.33278292665461207, "ROUGE2": 0.056366413880871435, "ROUGEL": 0.3021133726169514, "BERTScore": 0.8203559493025144, "FKGL": 15.483333333333334, "DCRS": 11.019583333333332, "CLI": 16.83375, "LENS": 60.44884813011112, "AlignScore": 0.5676177836333712, "SummaC": 0.4746776806811492, "_timestamp": 1713286139.8192618, "_runtime": 32.42573571205139, "_step": 0, "_wandb": {"runtime": 31}}