{"ROUGE1": 0.43008605822185186, "ROUGE2": 0.11899894702608635, "ROUGEL": 0.39344902642103174, "BERTScore": 0.8467295241187995, "FKGL": 13.930633802816903, "DCRS": 10.33130281690141, "CLI": 16.205669014084506, "LENS": 63.65696030328706, "AlignScore": 0.7495006454032911, "SummaC": 0.5917514009584843, "_timestamp": 1713226408.9725702, "_runtime": 5.886141061782837, "_step": 0, "_wandb": {"runtime": 5}}