{"ROUGE1": 0.3503217623234824, "ROUGE2": 0.09398789529226757, "ROUGEL": 0.32031979829997714, "BERTScore": 0.8281814408475074, "FKGL": 14.647101449275361, "DCRS": 11.141159420289855, "CLI": 16.59094202898551, "LENS": 59.137640901937736, "AlignScore": 0.5374192884866742, "SummaC": 0.5126640831214794, "_timestamp": 1713286606.4878922, "_runtime": 30.144427061080933, "_step": 0, "_wandb": {"runtime": 27}}