{"ROUGE1": 0.21838920931430367, "ROUGE2": 0.04200176597917566, "ROUGEL": 0.20562431673247528, "BERTScore": 0.8028458987457165, "FKGL": 13.369474637681158, "DCRS": 7.590797101449274, "CLI": 11.73366847826087, "LENS": 22.73294053474147, "AlignScore": 0.5940690928719181, "SummaC": 0.5239822200728931, "_timestamp": 1712520238.070982, "_runtime": 5.924025058746338, "_step": 0, "_wandb": {"runtime": 5}}