{"ROUGE1": 0.3712584308836718, "ROUGE2": 0.10624629580098328, "ROUGEL": 0.33940626499359833, "BERTScore": 0.8352653120738872, "FKGL": 15.184057971014493, "DCRS": 11.130072463768114, "CLI": 16.809347826086956, "LENS": 60.473590701930426, "AlignScore": 0.5774491210940523, "SummaC": 0.5277221621810526, "_timestamp": 1713286178.8548746, "_runtime": 30.63680863380432, "_step": 0, "_wandb": {"runtime": 28}}