{"ROUGE1": 0.23096328029880522, "ROUGE2": 0.05211601297580994, "ROUGEL": 0.21588534589456596, "BERTScore": 0.8106353352035301, "FKGL": 14.751449275362317, "DCRS": 8.05159420289855, "CLI": 11.361086956521739, "LENS": 26.181919402495303, "AlignScore": 0.6073269683165826, "SummaC": 0.5512916521317717, "_timestamp": 1712520158.673569, "_runtime": 5.967643976211548, "_step": 0, "_wandb": {"runtime": 5}}