{"ROUGE1": 0.2658170189667828, "ROUGE2": 0.048088032711473404, "ROUGEL": 0.24802597448928654, "BERTScore": 0.8134527907405101, "FKGL": 14.349295774647887, "DCRS": 8.43056338028169, "CLI": 15.087535211267605, "LENS": 54.63684429708165, "AlignScore": 0.5911370053834898, "SummaC": 0.4232159972610608, "_timestamp": 1712520434.50761, "_runtime": 5.899060964584351, "_step": 0, "_wandb": {"runtime": 5}}