{"ROUGE1": 0.3710375684084358, "ROUGE2": 0.09185264565102148, "ROUGEL": 0.34351857804396524, "BERTScore": 0.8400955976734699, "FKGL": 14.165492957746478, "DCRS": 10.69049295774648, "CLI": 16.05992957746479, "LENS": 63.898296040096476, "AlignScore": 0.806687699657091, "SummaC": 0.6921632564823392, "_timestamp": 1713287596.2094367, "_runtime": 28.753008604049683, "_step": 0, "_wandb": {"runtime": 27}}