{"ROUGE1": 0.41757900834429124, "ROUGE2": 0.13639125926488382, "ROUGEL": 0.38143811561150187, "BERTScore": 0.8536000835223937, "FKGL": 13.499295774647887, "DCRS": 10.309647887323946, "CLI": 15.867957746478874, "LENS": 63.888943618717285, "AlignScore": 0.7414850959895363, "SummaC": 0.6068648966685147, "_timestamp": 1713226357.9763231, "_runtime": 5.946027040481567, "_step": 0, "_wandb": {"runtime": 5}}