{"ROUGE1": 0.4732825801546228, "ROUGE2": 0.16834770949143435, "ROUGEL": 0.43610412886727834, "BERTScore": 0.8639282000736451, "FKGL": 14.161267605633805, "DCRS": 11.026478873239439, "CLI": 15.994366197183101, "LENS": 61.38286319240677, "AlignScore": 0.8339555546851225, "SummaC": 0.7567588395216096, "_timestamp": 1713287874.001784, "_runtime": 31.72870111465454, "_step": 0, "_wandb": {"runtime": 29}}