{"ROUGE1": 0.4711352955852023, "ROUGE2": 0.16758313999895275, "ROUGEL": 0.43334700459732256, "BERTScore": 0.8632942395674628, "FKGL": 13.93015988372093, "DCRS": 10.798684593023255, "CLI": 15.557122093023255, "LENS": 62.15900723817345, "AlignScore": 0.8491566793013061, "SummaC": 0.7427245225800678, "_timestamp": 1713741068.961403, "_runtime": 5.785793781280518, "_step": 0, "_wandb": {"runtime": 5}}