{"ROUGE1": 0.46422649138452166, "ROUGE2": 0.1667889186296149, "ROUGEL": 0.4272394065610923, "BERTScore": 0.8631460494558576, "FKGL": 14.154929577464788, "DCRS": 10.89112676056338, "CLI": 15.883098591549297, "LENS": 57.495634866055504, "AlignScore": 0.8348374444414193, "SummaC": 0.774861035842291, "_timestamp": 1713287433.7427433, "_runtime": 32.486799240112305, "_step": 0, "_wandb": {"runtime": 34}}