{"ROUGE1": 0.425604663494763, "ROUGE2": 0.13007358331899455, "ROUGEL": 0.39351187145694466, "BERTScore": 0.8520165194927807, "FKGL": 14.0137323943662, "DCRS": 10.779577464788733, "CLI": 15.922394366197185, "LENS": 63.04572382401908, "AlignScore": 0.81495003968897, "SummaC": 0.7154439178780772, "_timestamp": 1713287191.695092, "_runtime": 34.8690390586853, "_step": 0, "_wandb": {"runtime": 102}}