{"ROUGE1": 0.3028080100077306, "ROUGE2": 0.05125815527474386, "ROUGEL": 0.27586764025329746, "BERTScore": 0.8169067551692327, "FKGL": 15.545833333333334, "DCRS": 10.937916666666666, "CLI": 17.17625, "LENS": 59.9385318314697, "AlignScore": 0.586332520780464, "SummaC": 0.4801771864295006, "_timestamp": 1713286569.8792284, "_runtime": 32.200196266174316, "_step": 0, "_wandb": {"runtime": 29}}