{"ROUGE1": 0.3520206787691419, "ROUGE2": 0.08130635484092735, "ROUGEL": 0.3207598188052749, "BERTScore": 0.8278106306882008, "FKGL": 15.333695652173914, "DCRS": 11.074827898550723, "CLI": 16.82154891304348, "LENS": 60.46121941602077, "AlignScore": 0.5725334523637118, "SummaC": 0.5011999214311009, "_timestamp": 1713284820.195268, "_runtime": 30.85980796813965, "_step": 0, "_wandb": {"runtime": 27}}