{"ROUGE1": 0.34968394667052005, "ROUGE2": 0.08623673025178037, "ROUGEL": 0.3258108671291219, "BERTScore": 0.8394361432657202, "FKGL": 12.529875518672199, "DCRS": 9.967883817427387, "CLI": 14.386514522821575, "LENS": 68.98347203767327, "AlignScore": 0.7683963356423674, "SummaC": 0.6029898216368251, "_timestamp": 1713741031.4514291, "_runtime": 5.9180052280426025, "_step": 0, "_wandb": {"runtime": 5}}