{"ROUGE1": 0.2835309539546053, "ROUGE2": 0.047509075915829035, "ROUGEL": 0.2649898978654041, "BERTScore": 0.8199622854590416, "FKGL": 14.1, "DCRS": 9.917499999999999, "CLI": 15.032083333333333, "LENS": 55.72377576104611, "AlignScore": 0.6304010432213545, "SummaC": 0.585555254171292, "_timestamp": 1713290000.5964658, "_runtime": 30.589144945144653, "_step": 0, "_wandb": {"runtime": 28}}