{"ROUGE1": 0.3657850841792845, "ROUGE2": 0.11053895629102374, "ROUGEL": 0.337273463776458, "BERTScore": 0.8389829077582428, "FKGL": 14.996376811594203, "DCRS": 10.162536231884056, "CLI": 14.968913043478262, "LENS": 48.61337398373959, "AlignScore": 0.6953980615767448, "SummaC": 0.6341913474210794, "_timestamp": 1713289881.511689, "_runtime": 31.20830202102661, "_step": 0, "_wandb": {"runtime": 29}}