{"ROUGE1": 0.2058151383298021, "ROUGE2": 0.03188751898254138, "ROUGEL": 0.1953632875703846, "BERTScore": 0.7950564622879028, "FKGL": 11.987499999999999, "DCRS": 7.13, "CLI": 12.106250000000001, "LENS": 19.283961666987636, "AlignScore": 0.5808112174272537, "SummaC": 0.49667278801401454, "_timestamp": 1712520110.089227, "_runtime": 6.4229278564453125, "_step": 0, "_wandb": {"runtime": 5}}