{"ROUGE1": 0.30680349075028207, "ROUGE2": 0.07158567500742345, "ROUGEL": 0.28189278334903867, "BERTScore": 0.8260273985879523, "FKGL": 13.32007042253521, "DCRS": 8.593239436619719, "CLI": 14.243767605633803, "LENS": 55.832434308367965, "AlignScore": 0.618644033283205, "SummaC": 0.4397514980863517, "_timestamp": 1712520515.6597052, "_runtime": 6.101806163787842, "_step": 0, "_wandb": {"runtime": 5}}