{"ROUGE1": 0.3779267468349032, "ROUGE2": 0.09179945714655473, "ROUGEL": 0.35091961404661093, "BERTScore": 0.8401048389119161, "FKGL": 13.866197183098594, "DCRS": 10.532676056338028, "CLI": 15.850422535211269, "LENS": 64.7085844556314, "AlignScore": 0.7959445246928175, "SummaC": 0.6741289962345446, "_timestamp": 1713287112.020093, "_runtime": 31.93095898628235, "_step": 0, "_wandb": {"runtime": 29}}