{"ROUGE1": 0.4715533170292716, "ROUGE2": 0.16620204410627004, "ROUGEL": 0.4350621770855715, "BERTScore": 0.862608016796515, "FKGL": 14.088732394366197, "DCRS": 10.956197183098592, "CLI": 15.85985915492958, "LENS": 59.51385139378911, "AlignScore": 0.8328589525231174, "SummaC": 0.7705835397814361, "_timestamp": 1713287633.1216006, "_runtime": 29.57822060585022, "_step": 0, "_wandb": {"runtime": 27}}