{"ROUGE1": 0.42018304862107475, "ROUGE2": 0.1274137296126355, "ROUGEL": 0.3881988380121969, "BERTScore": 0.8512076683027643, "FKGL": 14.062676056338027, "DCRS": 10.652464788732395, "CLI": 15.805, "LENS": 60.3162163682546, "AlignScore": 0.8163554492655775, "SummaC": 0.7308259986236062, "_timestamp": 1713287476.9968479, "_runtime": 33.41409492492676, "_step": 0, "_wandb": {"runtime": 40}}