{"ROUGE1": 0.34778996253378136, "ROUGE2": 0.09508331730337351, "ROUGEL": 0.31575959220879085, "BERTScore": 0.8386020064353943, "FKGL": 12.290845070422533, "DCRS": 8.755915492957747, "CLI": 13.4, "LENS": 57.02802431965428, "AlignScore": 0.6461510611829203, "SummaC": 0.4562869989116427, "_timestamp": 1712520479.456799, "_runtime": 6.378381013870239, "_step": 0, "_wandb": {"runtime": 5}}