{"ROUGE1": 0.4845072760822443, "ROUGE2": 0.17628688500477152, "ROUGEL": 0.445384777932005, "BERTScore": 0.8636483869690826, "FKGL": 14.508695652173913, "DCRS": 11.065942028985507, "CLI": 16.122101449275362, "LENS": 60.05795092528836, "AlignScore": 0.8313216206388198, "SummaC": 0.7827516923780027, "_timestamp": 1713289068.1501143, "_runtime": 33.04420828819275, "_step": 0, "_wandb": {"runtime": 30}}