{"ROUGE1": 0.32495807783584296, "ROUGE2": 0.07904340165647857, "ROUGEL": 0.3020670835526461, "BERTScore": 0.8270904609690541, "FKGL": 14.246105072463767, "DCRS": 9.842309782608694, "CLI": 14.78695652173913, "LENS": 54.99621410376004, "AlignScore": 0.6017600324517791, "SummaC": 0.5740703838620929, "_timestamp": 1713289920.4299734, "_runtime": 32.24706029891968, "_step": 0, "_wandb": {"runtime": 29}}