{"ROUGE1": 0.36168916052257166, "ROUGE2": 0.08355749974442507, "ROUGEL": 0.3375681669395352, "BERTScore": 0.8382830570141474, "FKGL": 13.045833333333334, "DCRS": 10.206249999999999, "CLI": 14.224166666666667, "LENS": 65.80581571464285, "AlignScore": 0.7314388205607733, "SummaC": 0.6735076929132143, "_timestamp": 1713289026.8631063, "_runtime": 32.01510214805603, "_step": 0, "_wandb": {"runtime": 31}}