{"ROUGE1": 0.3265648861656065, "ROUGE2": 0.07262302528350571, "ROUGEL": 0.2980937192766373, "BERTScore": 0.82254409800837, "FKGL": 15.096467391304348, "DCRS": 11.03953804347826, "CLI": 16.883596014492753, "LENS": 59.53808636670372, "AlignScore": 0.5618759046335691, "SummaC": 0.49642063477549, "_timestamp": 1713286642.3961678, "_runtime": 29.688790798187256, "_step": 0, "_wandb": {"runtime": 26}}